[
{
  "model": "form.form",
  "pk": 1,
  "fields": {
    "name": "ارائه پروژه نهایی کارگاه",
    "slug": "frm-ryh-prwjh-nhyy-khrgh",
    "valid_student_ids": [],
    "created_at": "2025-01-07T20:33:04.174Z"
  }
},
{
  "model": "form.form",
  "pk": 2,
  "fields": {
    "name": "ارائه پروژه نهایی پایگاه‌داده",
    "slug": "ryh-prwjh-nhyy-pyghddh",
    "valid_student_ids": [
      1401020111016,
      1401020111049,
      1401020111012,
      1401020111159,
      1401020111102,
      1401020111157,
      1401020111019,
      1401020111013,
      1400020111024,
      1400020111103,
      1400020111036,
      1400020111106,
      990201110041,
      1400020111034
    ],
    "created_at": "2025-01-08T10:22:36.956Z"
  }
},
{
  "model": "form.form",
  "pk": 3,
  "fields": {
    "name": "ارائه پروژه نهایی مبانی و کارگاه",
    "slug": "ryh-prwjh-nhyy-mbny-w-khrgh",
    "valid_student_ids": [
      1403020111017,
      1403020111118,
      1403020111111,
      1403020111023,
      1403020111022,
      1403020111013,
      1403020111022,
      1403020111008,
      1403020111003,
      1403020111035,
      1403020111001,
      1403020111022,
      1403020111002,
      1403020111002,
      1403020111115,
      1403020111005,
      1403020111028,
      1403020111009,
      1403020111021,
      1403020111110,
      1403020111006,
      1403020111127,
      1403020111030,
      1403020111012,
      1403020111029,
      1403020111020,
      990201111003,
      1403020111132,
      1403020111032,
      1403020111031,
      1401020111033,
      1403020111007,
      1403020111012,
      1400020111030,
      1403020111032,
      1403020111025,
      1403020111019,
      1403020111012,
      1403020111133
    ],
    "created_at": "2025-01-10T11:31:16.425Z"
  }
},
{
  "model": "form.timeslot",
  "pk": 1,
  "fields": {
    "form": 1,
    "datetime": "2025-01-23T06:30:00Z",
    "is_available": false
  }
},
{
  "model": "form.timeslot",
  "pk": 2,
  "fields": {
    "form": 1,
    "datetime": "2025-01-23T06:45:00Z",
    "is_available": false
  }
},
{
  "model": "form.timeslot",
  "pk": 3,
  "fields": {
    "form": 1,
    "datetime": "2025-01-23T07:00:00Z",
    "is_available": true
  }
},
{
  "model": "form.timeslot",
  "pk": 4,
  "fields": {
    "form": 1,
    "datetime": "2025-01-23T07:15:00Z",
    "is_available": false
  }
},
{
  "model": "form.timeslot",
  "pk": 5,
  "fields": {
    "form": 1,
    "datetime": "2025-01-23T07:30:00Z",
    "is_available": false
  }
},
{
  "model": "form.timeslot",
  "pk": 6,
  "fields": {
    "form": 1,
    "datetime": "2025-01-23T07:45:00Z",
    "is_available": true
  }
},
{
  "model": "form.timeslot",
  "pk": 7,
  "fields": {
    "form": 1,
    "datetime": "2025-01-23T08:00:00Z",
    "is_available": true
  }
},
{
  "model": "form.timeslot",
  "pk": 8,
  "fields": {
    "form": 1,
    "datetime": "2025-01-23T08:15:00Z",
    "is_available": false
  }
},
{
  "model": "form.timeslot",
  "pk": 9,
  "fields": {
    "form": 1,
    "datetime": "2025-01-23T08:30:00Z",
    "is_available": false
  }
},
{
  "model": "form.timeslot",
  "pk": 10,
  "fields": {
    "form": 1,
    "datetime": "2025-01-23T08:45:00Z",
    "is_available": true
  }
},
{
  "model": "form.timeslot",
  "pk": 11,
  "fields": {
    "form": 1,
    "datetime": "2025-01-23T09:00:00Z",
    "is_available": true
  }
},
{
  "model": "form.timeslot",
  "pk": 12,
  "fields": {
    "form": 1,
    "datetime": "2025-01-23T09:15:00Z",
    "is_available": false
  }
},
{
  "model": "form.timeslot",
  "pk": 13,
  "fields": {
    "form": 1,
    "datetime": "2025-01-23T09:30:00Z",
    "is_available": false
  }
},
{
  "model": "form.timeslot",
  "pk": 14,
  "fields": {
    "form": 2,
    "datetime": "2025-01-24T06:30:00Z",
    "is_available": false
  }
},
{
  "model": "form.timeslot",
  "pk": 15,
  "fields": {
    "form": 2,
    "datetime": "2025-01-24T06:45:00Z",
    "is_available": false
  }
},
{
  "model": "form.timeslot",
  "pk": 16,
  "fields": {
    "form": 2,
    "datetime": "2025-01-24T07:00:00Z",
    "is_available": false
  }
},
{
  "model": "form.timeslot",
  "pk": 17,
  "fields": {
    "form": 2,
    "datetime": "2025-01-24T07:15:00Z",
    "is_available": true
  }
},
{
  "model": "form.timeslot",
  "pk": 18,
  "fields": {
    "form": 2,
    "datetime": "2025-01-24T07:30:00Z",
    "is_available": false
  }
},
{
  "model": "form.timeslot",
  "pk": 19,
  "fields": {
    "form": 2,
    "datetime": "2025-01-24T07:45:00Z",
    "is_available": false
  }
},
{
  "model": "form.timeslot",
  "pk": 20,
  "fields": {
    "form": 2,
    "datetime": "2025-01-24T08:00:00Z",
    "is_available": true
  }
},
{
  "model": "form.timeslot",
  "pk": 21,
  "fields": {
    "form": 2,
    "datetime": "2025-01-24T08:15:00Z",
    "is_available": true
  }
},
{
  "model": "form.timeslot",
  "pk": 22,
  "fields": {
    "form": 2,
    "datetime": "2025-01-24T08:30:00Z",
    "is_available": false
  }
},
{
  "model": "form.timeslot",
  "pk": 23,
  "fields": {
    "form": 2,
    "datetime": "2025-01-24T08:45:00Z",
    "is_available": false
  }
},
{
  "model": "form.timeslot",
  "pk": 24,
  "fields": {
    "form": 2,
    "datetime": "2025-01-24T09:00:00Z",
    "is_available": true
  }
},
{
  "model": "form.timeslot",
  "pk": 25,
  "fields": {
    "form": 2,
    "datetime": "2025-01-24T09:15:00Z",
    "is_available": true
  }
},
{
  "model": "form.timeslot",
  "pk": 26,
  "fields": {
    "form": 2,
    "datetime": "2025-01-24T09:30:00Z",
    "is_available": true
  }
},
{
  "model": "form.timeslot",
  "pk": 28,
  "fields": {
    "form": 3,
    "datetime": "2025-01-26T04:30:00Z",
    "is_available": true
  }
},
{
  "model": "form.timeslot",
  "pk": 29,
  "fields": {
    "form": 3,
    "datetime": "2025-01-26T04:45:00Z",
    "is_available": true
  }
},
{
  "model": "form.timeslot",
  "pk": 30,
  "fields": {
    "form": 3,
    "datetime": "2025-01-26T05:00:00Z",
    "is_available": true
  }
},
{
  "model": "form.timeslot",
  "pk": 31,
  "fields": {
    "form": 3,
    "datetime": "2025-01-26T05:15:00Z",
    "is_available": true
  }
},
{
  "model": "form.timeslot",
  "pk": 32,
  "fields": {
    "form": 3,
    "datetime": "2025-01-26T05:30:00Z",
    "is_available": true
  }
},
{
  "model": "form.timeslot",
  "pk": 33,
  "fields": {
    "form": 3,
    "datetime": "2025-01-26T05:45:00Z",
    "is_available": true
  }
},
{
  "model": "form.timeslot",
  "pk": 34,
  "fields": {
    "form": 3,
    "datetime": "2025-01-26T06:00:00Z",
    "is_available": true
  }
},
{
  "model": "form.timeslot",
  "pk": 35,
  "fields": {
    "form": 3,
    "datetime": "2025-01-26T06:15:00Z",
    "is_available": true
  }
},
{
  "model": "form.timeslot",
  "pk": 36,
  "fields": {
    "form": 3,
    "datetime": "2025-01-26T06:30:00Z",
    "is_available": true
  }
},
{
  "model": "form.timeslot",
  "pk": 37,
  "fields": {
    "form": 3,
    "datetime": "2025-01-26T06:45:00Z",
    "is_available": true
  }
},
{
  "model": "form.timeslot",
  "pk": 38,
  "fields": {
    "form": 3,
    "datetime": "2025-01-26T07:00:00Z",
    "is_available": true
  }
},
{
  "model": "form.timeslot",
  "pk": 39,
  "fields": {
    "form": 3,
    "datetime": "2025-01-26T07:15:00Z",
    "is_available": true
  }
},
{
  "model": "form.timeslot",
  "pk": 40,
  "fields": {
    "form": 3,
    "datetime": "2025-01-26T07:30:00Z",
    "is_available": true
  }
},
{
  "model": "form.timeslot",
  "pk": 41,
  "fields": {
    "form": 3,
    "datetime": "2025-01-26T07:45:00Z",
    "is_available": true
  }
},
{
  "model": "form.timeslot",
  "pk": 42,
  "fields": {
    "form": 3,
    "datetime": "2025-01-26T08:00:00Z",
    "is_available": true
  }
},
{
  "model": "form.timeslot",
  "pk": 43,
  "fields": {
    "form": 3,
    "datetime": "2025-01-26T08:15:00Z",
    "is_available": true
  }
},
{
  "model": "form.timeslot",
  "pk": 44,
  "fields": {
    "form": 3,
    "datetime": "2025-01-26T08:30:00Z",
    "is_available": true
  }
},
{
  "model": "form.timeslot",
  "pk": 45,
  "fields": {
    "form": 3,
    "datetime": "2025-01-26T08:45:00Z",
    "is_available": true
  }
},
{
  "model": "form.timeslot",
  "pk": 46,
  "fields": {
    "form": 3,
    "datetime": "2025-01-26T09:00:00Z",
    "is_available": true
  }
},
{
  "model": "form.timeslot",
  "pk": 47,
  "fields": {
    "form": 3,
    "datetime": "2025-01-26T09:15:00Z",
    "is_available": true
  }
},
{
  "model": "form.timeslot",
  "pk": 48,
  "fields": {
    "form": 3,
    "datetime": "2025-01-27T04:30:00Z",
    "is_available": true
  }
},
{
  "model": "form.timeslot",
  "pk": 49,
  "fields": {
    "form": 3,
    "datetime": "2025-01-27T04:45:00Z",
    "is_available": true
  }
},
{
  "model": "form.timeslot",
  "pk": 50,
  "fields": {
    "form": 3,
    "datetime": "2025-01-27T05:00:00Z",
    "is_available": true
  }
},
{
  "model": "form.timeslot",
  "pk": 51,
  "fields": {
    "form": 3,
    "datetime": "2025-01-27T05:15:00Z",
    "is_available": true
  }
},
{
  "model": "form.timeslot",
  "pk": 52,
  "fields": {
    "form": 3,
    "datetime": "2025-01-27T05:30:00Z",
    "is_available": true
  }
},
{
  "model": "form.timeslot",
  "pk": 53,
  "fields": {
    "form": 3,
    "datetime": "2025-01-27T05:45:00Z",
    "is_available": true
  }
},
{
  "model": "form.timeslot",
  "pk": 54,
  "fields": {
    "form": 3,
    "datetime": "2025-01-27T06:00:00Z",
    "is_available": true
  }
},
{
  "model": "form.timeslot",
  "pk": 55,
  "fields": {
    "form": 3,
    "datetime": "2025-01-27T06:15:00Z",
    "is_available": true
  }
},
{
  "model": "form.timeslot",
  "pk": 56,
  "fields": {
    "form": 3,
    "datetime": "2025-01-27T06:30:00Z",
    "is_available": true
  }
},
{
  "model": "form.timeslot",
  "pk": 57,
  "fields": {
    "form": 3,
    "datetime": "2025-01-27T06:45:00Z",
    "is_available": true
  }
},
{
  "model": "form.timeslot",
  "pk": 58,
  "fields": {
    "form": 3,
    "datetime": "2025-01-27T07:00:00Z",
    "is_available": true
  }
},
{
  "model": "form.timeslot",
  "pk": 59,
  "fields": {
    "form": 3,
    "datetime": "2025-01-27T07:15:00Z",
    "is_available": true
  }
},
{
  "model": "form.timeslot",
  "pk": 60,
  "fields": {
    "form": 3,
    "datetime": "2025-01-27T07:30:00Z",
    "is_available": true
  }
},
{
  "model": "form.timeslot",
  "pk": 61,
  "fields": {
    "form": 3,
    "datetime": "2025-01-27T07:45:00Z",
    "is_available": true
  }
},
{
  "model": "form.timeslot",
  "pk": 62,
  "fields": {
    "form": 3,
    "datetime": "2025-01-27T08:00:00Z",
    "is_available": true
  }
},
{
  "model": "form.timeslot",
  "pk": 63,
  "fields": {
    "form": 3,
    "datetime": "2025-01-27T08:15:00Z",
    "is_available": true
  }
},
{
  "model": "form.timeslot",
  "pk": 64,
  "fields": {
    "form": 3,
    "datetime": "2025-01-27T08:30:00Z",
    "is_available": true
  }
},
{
  "model": "form.timeslot",
  "pk": 65,
  "fields": {
    "form": 3,
    "datetime": "2025-01-27T08:45:00Z",
    "is_available": true
  }
},
{
  "model": "form.timeslot",
  "pk": 66,
  "fields": {
    "form": 3,
    "datetime": "2025-01-27T09:00:00Z",
    "is_available": true
  }
},
{
  "model": "form.timeslot",
  "pk": 67,
  "fields": {
    "form": 3,
    "datetime": "2025-01-27T09:15:00Z",
    "is_available": true
  }
},
{
  "model": "form.answer",
  "pk": 2,
  "fields": {
    "first_name": "محمد مهدی",
    "last_name": "امیر",
    "student_id": "۱۴۰۱۰۲۰۱۱۱۰۰۴",
    "form": 1,
    "time_slot": 9,
    "created_at": "2025-01-07T20:49:08.040Z",
    "updated_at": "2025-01-07T20:49:08.040Z"
  }
},
{
  "model": "form.answer",
  "pk": 3,
  "fields": {
    "first_name": "محمدامین",
    "last_name": "کریمی",
    "student_id": "۱۴۰۱۰۲۰۱۱۱۰۰۸",
    "form": 1,
    "time_slot": 5,
    "created_at": "2025-01-07T21:15:27.249Z",
    "updated_at": "2025-01-07T21:15:27.249Z"
  }
},
{
  "model": "form.answer",
  "pk": 4,
  "fields": {
    "first_name": "علی ",
    "last_name": "علم دار ",
    "student_id": "990201110028",
    "form": 1,
    "time_slot": 2,
    "created_at": "2025-01-08T00:35:37.585Z",
    "updated_at": "2025-01-08T00:35:37.586Z"
  }
},
{
  "model": "form.answer",
  "pk": 6,
  "fields": {
    "first_name": "امیررضا ",
    "last_name": "پراینده",
    "student_id": "1400020111104",
    "form": 1,
    "time_slot": 4,
    "created_at": "2025-01-08T06:39:09.329Z",
    "updated_at": "2025-01-08T06:39:09.329Z"
  }
},
{
  "model": "form.answer",
  "pk": 7,
  "fields": {
    "first_name": "اميرحسين ",
    "last_name": "نویدی ",
    "student_id": "1400020111034",
    "form": 1,
    "time_slot": 8,
    "created_at": "2025-01-08T09:57:48.259Z",
    "updated_at": "2025-01-08T09:57:48.259Z"
  }
},
{
  "model": "form.answer",
  "pk": 8,
  "fields": {
    "first_name": "آرین",
    "last_name": "بروجردیان",
    "student_id": "۹۹۰۲۰۱۱۱۰۰۴۱",
    "form": 1,
    "time_slot": 1,
    "created_at": "2025-01-08T14:16:55.503Z",
    "updated_at": "2025-01-08T14:16:55.503Z"
  }
},
{
  "model": "form.answer",
  "pk": 9,
  "fields": {
    "first_name": "زینب ",
    "last_name": "اقابیگی ",
    "student_id": "۱۴۰۰۰۲۰۱۱۱۱۰۳",
    "form": 2,
    "time_slot": 18,
    "created_at": "2025-01-08T14:59:33.061Z",
    "updated_at": "2025-01-08T14:59:33.061Z"
  }
},
{
  "model": "form.answer",
  "pk": 10,
  "fields": {
    "first_name": "ملیکا",
    "last_name": "روشنائی",
    "student_id": "1400020111024",
    "form": 2,
    "time_slot": 14,
    "created_at": "2025-01-08T15:08:19.242Z",
    "updated_at": "2025-01-08T15:08:19.242Z"
  }
},
{
  "model": "form.answer",
  "pk": 11,
  "fields": {
    "first_name": "مرتضی ",
    "last_name": "خان بابائی",
    "student_id": "1401020111016",
    "form": 2,
    "time_slot": 15,
    "created_at": "2025-01-08T15:11:47.729Z",
    "updated_at": "2025-01-08T15:11:47.729Z"
  }
},
{
  "model": "form.answer",
  "pk": 12,
  "fields": {
    "first_name": "امیر حسین ",
    "last_name": "مرادی",
    "student_id": "1401020111012",
    "form": 2,
    "time_slot": 22,
    "created_at": "2025-01-08T15:13:28.958Z",
    "updated_at": "2025-01-08T15:13:28.958Z"
  }
},
{
  "model": "form.answer",
  "pk": 13,
  "fields": {
    "first_name": "پارسا",
    "last_name": "پردک",
    "student_id": "۱۴۰۱۰۲۰۱۱۱۰۱۹",
    "form": 2,
    "time_slot": 19,
    "created_at": "2025-01-08T16:03:29.873Z",
    "updated_at": "2025-01-08T16:03:29.873Z"
  }
},
{
  "model": "form.answer",
  "pk": 14,
  "fields": {
    "first_name": "ستاره ",
    "last_name": "موسوی فر",
    "student_id": "۱۴۰۱۰۲۰۱۱۱۱۰۲",
    "form": 2,
    "time_slot": 23,
    "created_at": "2025-01-08T16:03:45.746Z",
    "updated_at": "2025-01-08T16:03:45.746Z"
  }
},
{
  "model": "form.answer",
  "pk": 15,
  "fields": {
    "first_name": "شیما",
    "last_name": "بابائی",
    "student_id": "1401020111025",
    "form": 1,
    "time_slot": 13,
    "created_at": "2025-01-09T02:09:36.441Z",
    "updated_at": "2025-01-09T02:09:36.441Z"
  }
},
{
  "model": "form.answer",
  "pk": 16,
  "fields": {
    "first_name": "پارسا",
    "last_name": "دخت محمدی ",
    "student_id": "۱۴۰۱۰۲۰۱۱۱۱۰۳",
    "form": 1,
    "time_slot": 12,
    "created_at": "2025-01-10T11:48:00.457Z",
    "updated_at": "2025-01-10T11:48:00.457Z"
  }
},
{
  "model": "form.answer",
  "pk": 17,
  "fields": {
    "first_name": "آرین",
    "last_name": "بروجردیان",
    "student_id": "۹۹۰۲۰۱۱۱۰۰۴۱",
    "form": 2,
    "time_slot": 16,
    "created_at": "2025-01-10T17:49:27.923Z",
    "updated_at": "2025-01-10T17:49:27.923Z"
  }
}
]
